industry_code,industry_name,industry_level,parent_industry,trade_date,available_date,source,data_status,constituent_count,pe_ttm,pb,dividend_yield,industry_close,return_20d,return_60d,return_120d,return_252d,drawdown_252d,volatility_60d,avg_amount_60d,history_days,history_fetch_status,history_latest_date,history_age_calendar_days,history_fresh
801016,种植业,second,农林牧渔,2026-07-16,2026-07-16,akshare.sw_index_second_info|akshare.index_hist_sw,research_only,20,26.26,1.95,0.0191,2155.14,-0.10153084196307971,-0.2468916642787753,-0.21106270820368267,-0.1198516709480073,-0.33390820584144654,0.24099038248934598,34.14976070507167,6412,ok,2026-07-15,1,True
801015,渔业,second,农林牧渔,2026-07-16,2026-07-16,akshare.sw_index_second_info|akshare.index_hist_sw,research_only,6,77.37,1.53,0.61,651.52,-0.018558688840684567,-0.18322113154562658,-0.2745897076179661,-0.13605261762053789,-0.38519608953308426,0.27062938173496287,3.5856580041283337,6411,ok,2026-07-15,1,True
801011,林业Ⅱ,second,农林牧渔,2026-07-16,2026-07-16,akshare.sw_index_second_info|akshare.index_hist_sw,research_only,4,228.71,2.66,0.44,560.05,-0.23037282359246392,-0.2716123242596471,-0.3956968827217109,,-0.44570908263145914,0.39109556839186227,1.872629916091667,171,ok,2024-06-17,759,False
801014,饲料,second,农林牧渔,2026-07-16,2026-07-16,akshare.sw_index_second_info|akshare.index_hist_sw,research_only,17,23.14,2.9,0.0217,3541.55,0.0454852736703204,-0.15263990276372108,-0.2039260289922833,-0.2567716454463609,-0.322241976196992,0.25399145306065174,26.68395784848333,6412,ok,2026-07-15,1,True
801012,农产品加工,second,农林牧渔,2026-07-16,2026-07-16,akshare.sw_index_second_info|akshare.index_hist_sw,research_only,22,33.97,1.64,0.0106,2026.98,-0.049299044599430686,-0.14848873112226668,-0.1729717820247091,-0.025588762672999366,-0.22843439534087018,0.24777229431825357,25.890616066076664,6412,ok,2026-07-15,1,True
801017,养殖业,second,农林牧渔,2026-07-16,2026-07-16,akshare.sw_index_second_info|akshare.index_hist_sw,research_only,23,26.76,2.44,0.0315,2639.68,0.0749677266970461,-0.1566167284903207,-0.15622582645552718,-0.09985643697719715,-0.277941445988123,0.31363092999762443,65.65503179983833,3570,ok,2026-07-15,1,True
801018,动物保健Ⅱ,second,农林牧渔,2026-07-16,2026-07-16,akshare.sw_index_second_info|akshare.index_hist_sw,research_only,10,34.46,1.86,0.0154,4339.12,0.03255590377673223,-0.13497694465321286,-0.192588168087367,0.04688284115035701,-0.25287546317340936,0.24093774106458213,10.912682599536671,3570,ok,2026-07-15,1,True
801019,农业综合Ⅱ,second,农林牧渔,2026-07-16,2026-07-16,akshare.sw_index_second_info|akshare.index_hist_sw,research_only,2,39.21,1.35,0.0334,1017.95,-0.17285565703513506,-0.17445217588762907,-0.2790569204728146,,-0.37089796675112785,0.32511401759855263,0.7911634657233332,171,ok,2024-06-17,759,False
801033,化学原料,second,基础化工,2026-07-16,2026-07-16,akshare.sw_index_second_info|akshare.index_hist_sw,research_only,57,21.13,1.92,0.0231,3169.61,-0.0729993185560407,-0.14339958164649658,-0.03561953095524961,0.15053958597257977,-0.2542339781748366,0.27262447661349254,218.64359415891997,6412,ok,2026-07-15,1,True
801034,化学制品,second,基础化工,2026-07-16,2026-07-16,akshare.sw_index_second_info|akshare.index_hist_sw,research_only,171,24.89,2.27,0.014499999999999999,6510.92,-0.08562328227497362,-0.11241072536197216,-0.07324856630033605,0.157624484832106,-0.17545925875270063,0.2759120096910781,594.3297906531301,6412,ok,2026-07-15,1,True
801032,化学纤维,second,基础化工,2026-07-16,2026-07-16,akshare.sw_index_second_info|akshare.index_hist_sw,research_only,27,34.78,1.89,0.0172,4316.79,-0.15352245519843288,-0.15457349614672788,-0.14891297275876414,0.10044713416064188,-0.21784955237510262,0.2957242925126856,73.71374320512669,6412,ok,2026-07-15,1,True
801036,塑料,second,基础化工,2026-07-16,2026-07-16,akshare.sw_index_second_info|akshare.index_hist_sw,research_only,73,50.13,3.46,0.61,5026.52,-0.1880386199053724,-0.000363936480157534,0.03032017382035823,0.5069809833038026,-0.21368970706479729,0.4039844143626043,337.20298454538,6412,ok,2026-07-15,1,True
801037,橡胶,second,基础化工,2026-07-16,2026-07-16,akshare.sw_index_second_info|akshare.index_hist_sw,research_only,17,39.68,3.09,0.011399999999999999,4849.5,-0.06888646539740562,-0.09262027763069025,-0.05609146540851129,0.03738167816460769,-0.1815894328083153,0.3507811734975954,45.95794491863501,6412,ok,2026-07-15,1,True
801038,农化制品,second,基础化工,2026-07-16,2026-07-16,akshare.sw_index_second_info|akshare.index_hist_sw,research_only,58,15.57,1.87,0.0285,4766.41,-0.09897901894325345,-0.23979368059088757,-0.17472907435976015,0.14740171734362995,-0.32570394640047995,0.3181606689595204,201.78319193093498,1104,ok,2026-07-15,1,True
801039,非金属材料Ⅱ,second,基础化工,2026-07-16,2026-07-16,akshare.sw_index_second_info|akshare.index_hist_sw,research_only,7,65.8,4.43,0.46,6860.48,-0.23288651540157712,0.083590128331688,0.3728373321593659,0.6891285346727234,-0.31620237797408735,0.5763474168197724,67.030889218295,1104,ok,2026-07-15,1,True
801043,冶钢原料,second,钢铁,2026-07-16,2026-07-16,akshare.sw_index_second_info|akshare.index_hist_sw,research_only,9,28.35,1.85,0.0204,3132.43,-0.1341831841211314,-0.23305397021269303,-0.17762188926723355,0.3043313512883292,-0.294732836802147,0.30490173975104184,34.75380905885834,1104,ok,2026-07-15,1,True
801044,普钢,second,钢铁,2026-07-16,2026-07-16,akshare.sw_index_second_info|akshare.index_hist_sw,research_only,23,14.51,0.61,0.0217,2027.55,-0.05804440438747671,-0.21160075124527067,-0.2202450543026797,-0.047472517147420845,-0.31195322415349436,0.22514437992818756,56.41674697893,1104,ok,2026-07-15,1,True
801045,特钢Ⅱ,second,钢铁,2026-07-16,2026-07-16,akshare.sw_index_second_info|akshare.index_hist_sw,research_only,12,12.96,1.48,0.0391,3695.1,-0.08454647256438974,-0.23190611007869888,-0.26135375499997004,-0.053162403236841405,-0.3446487004176755,0.22707593671802223,23.376006727441666,1104,ok,2026-07-15,1,True
801051,金属新材料,second,有色金属,2026-07-16,2026-07-16,akshare.sw_index_second_info|akshare.index_hist_sw,research_only,32,62.11,4.72,0.78,9737.71,-0.2001131933503426,-0.004804429763958562,-0.081741405096308,0.3025085204624858,-0.22174091304705745,0.42081101200084853,168.40095876097834,6412,ok,2026-07-15,1,True
801055,工业金属,second,有色金属,2026-07-16,2026-07-16,akshare.sw_index_second_info|akshare.index_hist_sw,research_only,60,14.65,2.8,0.0191,3066.36,-0.09420518895095509,-0.1844873990702226,-0.20762820264351323,0.4768386071376969,-0.34205483949181525,0.4543603443948211,663.4784129975667,2998,ok,2026-07-15,1,True
801053,贵金属,second,有色金属,2026-07-16,2026-07-16,akshare.sw_index_second_info|akshare.index_hist_sw,research_only,11,19.41,3.51,0.0126,21175.66,-0.10445134076478102,-0.3025631938744725,-0.21329674673514387,0.1381557023720199,-0.4981732178595,0.5235535556170282,128.02856419568167,2998,ok,2026-07-15,1,True
801054,小金属,second,有色金属,2026-07-16,2026-07-16,akshare.sw_index_second_info|akshare.index_hist_sw,research_only,26,47.4,5.31,0.63,36205.0,-0.21832325426246457,-0.06932279191337776,0.03997699727718773,0.998628754639822,-0.2870713074409238,0.5427862413057654,596.0673968986185,2998,ok,2026-07-15,1,True
801056,能源金属,second,有色金属,2026-07-16,2026-07-16,akshare.sw_index_second_info|akshare.index_hist_sw,research_only,13,21.26,2.43,0.95,16733.78,-0.27034548073937903,-0.3271380756233726,-0.28397484337011214,0.4279346046163153,-0.392985983066212,0.46866003566953085,290.7495015384449,1104,ok,2026-07-15,1,True
801081,半导体,second,电子,2026-07-16,2026-07-16,akshare.sw_index_second_info|akshare.index_hist_sw,research_only,175,122.86,11.0,0.17,11826.62,0.07758457310717337,0.48838900970561006,0.5670291871379434,1.392856203477209,-0.1748033056375018,0.580482115679989,4380.003303499106,6412,ok,2026-07-15,1,True
801083,元件,second,电子,2026-07-16,2026-07-16,akshare.sw_index_second_info|akshare.index_hist_sw,research_only,58,82.57,10.55,0.41,24831.8,-0.11784965595788433,0.47659970220397585,0.8473114007973439,2.022459273396496,-0.18612841195763719,0.6407929771022229,1515.1217331205232,6412,ok,2026-07-15,1,True
801084,光学光电子,second,电子,2026-07-16,2026-07-16,akshare.sw_index_second_info|akshare.index_hist_sw,research_only,96,50.1,2.91,0.75,1934.38,-0.10666635878726294,0.08569343885053593,0.09564941574955688,0.3133049541384063,-0.23639780043659675,0.48930552205106675,900.4238180913133,6412,ok,2026-07-15,1,True
801082,其他电子Ⅱ,second,电子,2026-07-16,2026-07-16,akshare.sw_index_second_info|akshare.index_hist_sw,research_only,33,55.92,5.91,0.48,18394.94,-0.1175307090240515,0.08318244102245198,0.10097391171112058,0.6321012607014109,-0.22658179150225266,0.5532777567787875,331.40108196586675,6412,ok,2026-07-15,1,True
801085,消费电子,second,电子,2026-07-16,2026-07-16,akshare.sw_index_second_info|akshare.index_hist_sw,research_only,90,35.45,5.25,0.85,10641.81,-0.10616365006211281,0.030344487045428137,0.039057625668950324,0.6316213932964645,-0.17827731666693702,0.4763738802831616,1158.742092443468,3570,ok,2026-07-15,1,True
801086,电子化学品Ⅱ,second,电子,2026-07-16,2026-07-16,akshare.sw_index_second_info|akshare.index_hist_sw,research_only,34,99.93,7.47,0.29,13558.61,-0.035150179042110374,0.42835125451804545,0.575525490455822,1.3547675036558218,-0.24476349093177663,0.6042743465658263,563.2957325959732,1104,ok,2026-07-15,1,True
801093,汽车零部件,second,汽车,2026-07-16,2026-07-16,akshare.sw_index_second_info|akshare.index_hist_sw,research_only,240,23.56,2.37,0.0187,7231.5,-0.09929266169200701,-0.1505175129774705,-0.18095822734058042,0.046012092458124876,-0.22847952374093805,0.27255400160535037,696.456538002825,6412,ok,2026-07-15,1,True
801092,汽车服务,second,汽车,2026-07-16,2026-07-16,akshare.sw_index_second_info|akshare.index_hist_sw,research_only,10,19.1,1.31,0.024300000000000002,428.16,-0.11686811600181501,-0.13734813531319878,-0.2018194698184258,-0.13240121580547104,-0.2495267475285704,0.23367560048735986,11.467424270235,6412,ok,2026-07-15,1,True
801881,摩托车及其他,second,汽车,2026-07-16,2026-07-16,akshare.sw_index_second_info|akshare.index_hist_sw,research_only,16,23.78,3.25,0.0268,3199.76,0.024798788084539503,-0.12837304073527245,-0.14361341951369644,0.036560951116006324,-0.18126596011442653,0.2236028002153196,26.932422551206667,2998,ok,2026-07-15,1,True
801095,乘用车,second,汽车,2026-07-16,2026-07-16,akshare.sw_index_second_info|akshare.index_hist_sw,research_only,8,23.04,1.73,0.0171,14394.69,-0.033992518733365396,-0.21039709187292144,-0.23857641667773077,-0.29418072696782915,-0.3340946267518846,0.2675640311181654,87.88466192902666,1104,ok,2026-07-15,1,True
801096,商用车,second,汽车,2026-07-16,2026-07-16,akshare.sw_index_second_info|akshare.index_hist_sw,research_only,13,15.37,1.73,0.032799999999999996,6591.01,-0.10142155412526088,-0.29898011386902623,-0.27944581585063744,-0.1821543394395575,-0.34770956443770584,0.2640512529234765,48.81378632008333,1104,ok,2026-07-15,1,True
801111,白色家电,second,家用电器,2026-07-16,2026-07-16,akshare.sw_index_second_info|akshare.index_hist_sw,research_only,10,11.36,2.04,0.0556,18960.08,0.04280028093889032,0.05179106059034311,0.009677634083931963,0.014527588505921729,-0.04801527587607568,0.17392034949042595,66.73814977022333,6412,ok,2026-07-15,1,True
801112,黑色家电,second,家用电器,2026-07-16,2026-07-16,akshare.sw_index_second_info|akshare.index_hist_sw,research_only,10,28.63,2.12,0.0161,2022.16,-0.06321197437239712,-0.10375577282759973,-0.14337032957722606,-0.0354867020261761,-0.19756829256678465,0.2522098779003633,41.034533365101666,6412,ok,2026-07-15,1,True
801113,小家电,second,家用电器,2026-07-16,2026-07-16,akshare.sw_index_second_info|akshare.index_hist_sw,research_only,20,22.23,2.62,0.026000000000000002,3879.16,-0.03606350436971495,-0.14534298335481466,-0.28871824209352814,-0.22407799304719356,-0.39991863114694504,0.2792884327871168,30.38164431382834,1104,ok,2026-07-15,1,True
801114,厨卫电器,second,家用电器,2026-07-16,2026-07-16,akshare.sw_index_second_info|akshare.index_hist_sw,research_only,9,18.01,1.38,0.0489,7697.89,-0.03206016451943061,-0.22639325069216576,-0.2658369940278066,-0.24890720192956917,-0.3281945034738374,0.22983382710892386,8.156848732773334,1104,ok,2026-07-15,1,True
801115,照明设备Ⅱ,second,家用电器,2026-07-16,2026-07-16,akshare.sw_index_second_info|akshare.index_hist_sw,research_only,12,36.97,2.23,0.031,4419.49,-0.2040153235726906,-0.08217934872902477,0.11641342376820374,0.2327107704494613,-0.204505323409502,0.34413517354205453,20.600392959110003,1104,ok,2026-07-15,1,True
801116,家电零部件Ⅱ,second,家用电器,2026-07-16,2026-07-16,akshare.sw_index_second_info|akshare.index_hist_sw,research_only,30,38.21,3.65,0.92,6798.44,-0.09831545245108908,-0.13448151184759316,-0.22382136488081794,0.32260223337613314,-0.24619992038931615,0.3754190345606327,151.53392724424995,1104,ok,2026-07-15,1,True
801117,其他家电Ⅱ,second,家用电器,2026-07-16,2026-07-16,akshare.sw_index_second_info|akshare.index_hist_sw,research_only,3,26.93,1.64,0.0189,473.77,-0.15387637740431837,-0.10425214119604465,-0.21636507989017173,,-0.2699437552970183,0.30205269964990583,1.7599853026916665,171,ok,2024-06-17,759,False
801124,食品加工,second,食品饮料,2026-07-16,2026-07-16,akshare.sw_index_second_info|akshare.index_hist_sw,research_only,25,21.81,2.45,0.0405,12818.07,0.006922258139269832,-0.11667928907473724,-0.1131769097933294,-0.06993650381332661,-0.14294511548915323,0.19842150777653283,33.619982886414995,3570,ok,2026-07-15,1,True
801125,白酒Ⅱ,second,食品饮料,2026-07-16,2026-07-16,akshare.sw_index_second_info|akshare.index_hist_sw,research_only,19,18.71,3.71,0.054000000000000006,35606.57,-0.007712220528150793,-0.16811510975583543,-0.19529538058217322,-0.20300630538475828,-0.28476404682163403,0.23568821096861325,143.02712213315166,1104,ok,2026-07-15,1,True
801126,非白酒,second,食品饮料,2026-07-16,2026-07-16,akshare.sw_index_second_info|akshare.index_hist_sw,research_only,17,19.69,2.18,0.031,3356.79,-0.044215963189904506,-0.12391036549081835,-0.14850262035096973,-0.2113713411754755,-0.23919231937336538,0.24108136136793995,23.898640115293333,1104,ok,2026-07-15,1,True
801127,饮料乳品,second,食品饮料,2026-07-16,2026-07-16,akshare.sw_index_second_info|akshare.index_hist_sw,research_only,26,18.48,3.12,0.0449,6870.74,0.025973599331023722,-0.0207571425720956,-0.13066902174738215,-0.14436079925777867,-0.159947377043969,0.20013000486835994,52.62740057319166,1104,ok,2026-07-15,1,True
801128,休闲食品,second,食品饮料,2026-07-16,2026-07-16,akshare.sw_index_second_info|akshare.index_hist_sw,research_only,22,16.65,2.14,0.0348,1618.96,-0.04246044654739023,-0.1291278691346469,-0.2145241422139419,-0.20235702179653936,-0.24749934927304507,0.23058863927350548,22.925556531455,1104,ok,2026-07-15,1,True
801129,调味发酵品Ⅱ,second,食品饮料,2026-07-16,2026-07-16,akshare.sw_index_second_info|akshare.index_hist_sw,research_only,14,27.24,3.82,0.029500000000000002,6719.67,-0.0022569106753359547,-0.07484104933597313,-0.053607594045322005,-0.0018093094765926354,-0.09787224330721234,0.19659287341875448,52.498068191698344,1104,ok,2026-07-15,1,True
801131,纺织制造,second,纺织服饰,2026-07-16,2026-07-16,akshare.sw_index_second_info|akshare.index_hist_sw,research_only,33,18.85,1.65,0.0424,1665.25,-0.010446688019586037,-0.14464830547651086,-0.17666224982200773,0.006807779974485895,-0.19457033271584945,0.2053595993860271,44.03310961233501,6412,ok,2026-07-15,1,True
801132,服装家纺,second,纺织服饰,2026-07-16,2026-07-16,akshare.sw_index_second_info|akshare.index_hist_sw,research_only,59,20.8,1.53,0.036699999999999997,1489.29,-0.043266265803268644,-0.06862328176007804,-0.09078199500607453,0.016871731144765034,-0.12398313010640738,0.21123639125755855,70.96922094213167,6412,ok,2026-07-15,1,True
801133,饰品,second,纺织服饰,2026-07-16,2026-07-16,akshare.sw_index_second_info|akshare.index_hist_sw,research_only,15,16.7,1.77,0.046,1294.76,-0.05463678911207004,-0.18943757199378974,-0.21682060960192595,-0.2705207587990377,-0.3424677013081986,0.2362129662077732,16.38994452022667,1104,ok,2026-07-15,1,True
801143,造纸,second,轻工制造,2026-07-16,2026-07-16,akshare.sw_index_second_info|akshare.index_hist_sw,research_only,23,17.4,1.25,0.024700000000000003,2026.09,-0.05156255851402458,-0.1543794188599238,-0.16535942327497433,-0.05252057613168737,-0.2403938079473923,0.23323227655124287,39.51355057433833,6412,ok,2026-07-15,1,True
801141,包装印刷,second,轻工制造,2026-07-16,2026-07-16,akshare.sw_index_second_info|akshare.index_hist_sw,research_only,41,28.83,2.39,0.02,2723.29,-0.10802755223362415,-0.17556755054900808,-0.170075303912695,0.06879932809783407,-0.2225568674918924,0.22968069727645476,101.04439085191834,6412,ok,2026-07-15,1,True
801142,家居用品,second,轻工制造,2026-07-16,2026-07-16,akshare.sw_index_second_info|akshare.index_hist_sw,research_only,72,18.86,1.98,0.036000000000000004,1563.0,-0.07542694216538204,-0.17408213734649447,-0.2138459681313376,-0.07519170690144839,-0.2579017087727128,0.1802940014655338,75.69408756919665,6412,ok,2026-07-15,1,True
801145,文娱用品,second,轻工制造,2026-07-16,2026-07-16,akshare.sw_index_second_info|akshare.index_hist_sw,research_only,22,25.95,2.17,0.0223,1590.41,-0.08849623456860867,-0.19711540888599444,-0.20482680692772282,-0.16883028649671272,-0.24772009157474495,0.25050757849366695,28.081555637256667,1104,ok,2026-07-15,1,True
801151,化学制药,second,医药生物,2026-07-16,2026-07-16,akshare.sw_index_second_info|akshare.index_hist_sw,research_only,151,39.12,3.41,0.012199999999999999,12580.1,0.183389037464595,-0.03132760193886941,-0.08323477092346965,0.006095707892270319,-0.16519958406300372,0.3107887628427417,424.05214782805666,6412,ok,2026-07-15,1,True
801155,中药Ⅱ,second,医药生物,2026-07-16,2026-07-16,akshare.sw_index_second_info|akshare.index_hist_sw,research_only,66,21.04,2.09,0.0302,5810.62,0.07714980609664779,-0.06322326440724968,-0.09780126108025611,-0.08333793455952077,-0.17117597722332223,0.2235366307797626,100.95677423001834,6412,ok,2026-07-15,1,True
801152,生物制品,second,医药生物,2026-07-16,2026-07-16,akshare.sw_index_second_info|akshare.index_hist_sw,research_only,51,30.83,2.43,0.0179,5631.7,0.12011440414177987,-0.114044526668177,-0.14818472912737224,-0.09890637375297018,-0.22709431269213876,0.3085575018067666,117.88695445282335,6412,ok,2026-07-15,1,True
801154,医药商业,second,医药生物,2026-07-16,2026-07-16,akshare.sw_index_second_info|akshare.index_hist_sw,research_only,32,15.24,1.17,0.023700000000000002,4583.42,0.039361972316455995,-0.12926635586812707,-0.19787121963854126,-0.0930009360053351,-0.20273789126710096,0.23332433187046317,43.55766144538667,6412,ok,2026-07-15,1,True
801153,医疗器械,second,医药生物,2026-07-16,2026-07-16,akshare.sw_index_second_info|akshare.index_hist_sw,research_only,129,32.29,2.8,0.0174,5713.43,0.004552055897628859,-0.10233660864947403,-0.19059127865052983,-0.08068834574973038,-0.21352232338276955,0.20771451149707965,227.47896127013664,6412,ok,2026-07-15,1,True
801156,医疗服务,second,医药生物,2026-07-16,2026-07-16,akshare.sw_index_second_info|akshare.index_hist_sw,research_only,51,30.5,3.89,0.010700000000000001,6000.31,-0.09619457323006375,-0.07267101767552264,-0.04707825465517923,0.14364158599645105,-0.20402873307819347,0.2976346872719875,,2763,ok,2026-06-12,34,False
801161,电力,second,公用事业,2026-07-16,2026-07-16,akshare.sw_index_second_info|akshare.index_hist_sw,research_only,102,18.11,1.68,0.0279,3224.16,-0.0936369386464263,-0.05597685735534397,-0.013109926874584787,0.010911280006020041,-0.16247317917093118,0.22936183100553945,704.8244385316083,6412,ok,2026-07-15,1,True
801163,燃气Ⅱ,second,公用事业,2026-07-16,2026-07-16,akshare.sw_index_second_info|akshare.index_hist_sw,research_only,29,17.03,1.74,0.0429,3063.77,-0.011575500459729327,-0.10695745195600914,-0.11594052349252792,0.15622252161475725,-0.25001897124448913,0.2327534898066076,63.24409762881667,6412,ok,2026-07-15,1,True
801178,物流,second,交通运输,2026-07-16,2026-07-16,akshare.sw_index_second_info|akshare.index_hist_sw,research_only,47,14.44,1.33,0.029900000000000003,4103.08,0.015179143584554078,-0.12313298071272105,-0.1288540503356701,-0.13407353161530233,-0.2105635808122397,0.18107886792399572,59.18220375494166,6412,ok,2026-07-15,1,True
801179,铁路公路,second,交通运输,2026-07-16,2026-07-16,akshare.sw_index_second_info|akshare.index_hist_sw,research_only,33,15.87,0.98,0.0359,1473.74,-0.013448652122396765,-0.06128220643969551,-0.09023340802884117,-0.1796056513655241,-0.19542940749354432,0.13941487289168553,39.711154968568344,1104,ok,2026-07-15,1,True
801991,航空机场,second,交通运输,2026-07-16,2026-07-16,akshare.sw_index_second_info|akshare.index_hist_sw,research_only,12,20.93,2.03,0.0204,2324.78,-0.0713138656972796,-0.13150777047220563,-0.29584554992851775,-0.16808136039620958,-0.3160359872667682,0.28326598387489316,45.39771189491,1104,ok,2026-07-15,1,True
801992,航运港口,second,交通运输,2026-07-16,2026-07-16,akshare.sw_index_second_info|akshare.index_hist_sw,research_only,34,12.31,1.1,0.0451,3179.85,-0.0167257277500511,-0.09426626409935068,0.016153772409164935,0.1271946771214767,-0.1759207187968912,0.26433647667675314,114.41071086667166,1104,ok,2026-07-15,1,True
801181,房地产开发,second,房地产,2026-07-16,2026-07-16,akshare.sw_index_second_info|akshare.index_hist_sw,research_only,88,10.18,0.92,0.0202,2152.65,-0.04169504654299716,-0.10104359373760241,-0.1748789715166219,-0.06059349770892419,-0.2357491798855389,0.206205284197638,222.21704391099328,6412,ok,2026-07-15,1,True
801183,房地产服务,second,房地产,2026-07-16,2026-07-16,akshare.sw_index_second_info|akshare.index_hist_sw,research_only,11,23.58,1.58,0.0213,716.26,-0.07462339474432189,-0.23493660610333156,-0.2582459119952777,-0.25881391185570746,-0.3310545142099316,0.26334755755801037,10.58406632927,1104,ok,2026-07-15,1,True
801202,贸易Ⅱ,second,商贸零售,2026-07-16,2026-07-16,akshare.sw_index_second_info|akshare.index_hist_sw,research_only,12,13.52,1.48,0.022000000000000002,3977.37,-0.13290196839321644,-0.19965832191388022,-0.1947535288258303,-0.01079887285831893,-0.2773831239144495,0.29591194590369085,23.422915428136662,6412,ok,2026-07-15,1,True
801203,一般零售,second,商贸零售,2026-07-16,2026-07-16,akshare.sw_index_second_info|akshare.index_hist_sw,research_only,59,22.09,1.7,0.022000000000000002,2625.79,-0.05771846280274029,-0.16300678637115618,-0.3246164332471675,-0.23131936170399614,-0.3295518668596976,0.2587405755187606,96.74582578021166,2998,ok,2026-07-15,1,True
801204,专业连锁Ⅱ,second,商贸零售,2026-07-16,2026-07-16,akshare.sw_index_second_info|akshare.index_hist_sw,research_only,7,29.43,2.21,0.0199,3424.56,-0.10502946595408269,-0.24480835514665822,-0.3214931050879696,-0.3544875008953514,-0.3501006761719143,0.29822398238237513,13.142360225633336,2998,ok,2026-07-15,1,True
801206,互联网电商,second,商贸零售,2026-07-16,2026-07-16,akshare.sw_index_second_info|akshare.index_hist_sw,research_only,18,26.31,2.18,0.0134,9781.2,-0.03265620982257644,-0.12620032214060017,-0.2443022512858033,-0.1498785379357097,-0.28471503632660666,0.2852130890697472,35.38752527633834,1104,ok,2026-07-15,1,True
801207,旅游零售Ⅱ,second,商贸零售,2026-07-16,2026-07-16,akshare.sw_index_second_info|akshare.index_hist_sw,research_only,2,28.34,1.95,0.023799999999999998,8063.33,-0.10079735034347403,-0.23021779849200275,-0.12826320335836827,,-0.37608820295531586,0.30621691491737063,15.424900425333332,171,ok,2024-06-17,759,False
801216,体育Ⅱ,second,社会服务,2026-07-16,2026-07-16,akshare.sw_index_second_info|akshare.index_hist_sw,research_only,2,0.0,0.0,0.3,1577.85,-0.10159541758717294,-0.06432349731960718,-0.19360444019686518,,-0.24701138180343118,0.31130282866279635,2.615230955135,171,ok,2024-06-17,759,False
801218,专业服务,second,社会服务,2026-07-16,2026-07-16,akshare.sw_index_second_info|akshare.index_hist_sw,research_only,30,27.24,2.36,0.0177,5703.01,-0.10744731632118065,-0.08719271035905618,-0.11261230421644564,0.0738291554554682,-0.16449452226985173,0.28794097034293986,54.534310123665,1104,ok,2026-07-15,1,True
801219,酒店餐饮,second,社会服务,2026-07-16,2026-07-16,akshare.sw_index_second_info|akshare.index_hist_sw,research_only,9,21.81,1.3,0.0219,1382.42,-0.0895607905638135,-0.29069200654704785,-0.30791451185749974,-0.20155482011562964,-0.34840072021795077,0.2778781716853629,9.047844381316668,1104,ok,2026-07-15,1,True
801993,旅游及景区,second,社会服务,2026-07-16,2026-07-16,akshare.sw_index_second_info|akshare.index_hist_sw,research_only,24,34.12,2.24,0.0202,1827.31,-0.0728644490897652,-0.23728608398029893,-0.2758253081282448,-0.2260047101080953,-0.3687546851736062,0.25293061767743624,28.495052481618334,1104,ok,2026-07-15,1,True
801994,教育,second,社会服务,2026-07-16,2026-07-16,akshare.sw_index_second_info|akshare.index_hist_sw,research_only,15,40.04,4.39,0.018500000000000003,1529.8,-0.12083491373860666,-0.30218767675661873,-0.44190084966199583,-0.3695835823048236,-0.44891335281000877,0.2800599003540388,19.127677133775006,1104,ok,2026-07-15,1,True
801782,国有大型银行Ⅱ,second,银行,2026-07-16,2026-07-16,akshare.sw_index_second_info|akshare.index_hist_sw,research_only,6,7.29,0.69,0.0581,1894.7,-0.015151908932608982,-0.013639439845905543,-0.04288745201050714,-0.018559670142396123,-0.11362381758811357,0.19198016199558704,92.73376710766665,1104,ok,2026-07-15,1,True
801783,股份制银行Ⅱ,second,银行,2026-07-16,2026-07-16,akshare.sw_index_second_info|akshare.index_hist_sw,research_only,9,5.52,0.5,0.0535,4088.43,-0.019187172087198667,-0.050425730570381466,-0.10384093534436467,-0.21825698054834808,-0.25755487396285626,0.15662811031570456,97.66219989260665,1104,ok,2026-07-15,1,True
801784,城商行Ⅱ,second,银行,2026-07-16,2026-07-16,akshare.sw_index_second_info|akshare.index_hist_sw,research_only,17,5.88,0.64,0.0462,1035.5,-0.008236758931136734,-0.005703641112306035,0.01821078093964479,-0.07928547929614915,-0.10501296456352638,0.17400110921057407,66.138285796895,1104,ok,2026-07-15,1,True
801785,农商行Ⅱ,second,银行,2026-07-16,2026-07-16,akshare.sw_index_second_info|akshare.index_hist_sw,research_only,10,5.78,0.55,0.051500000000000004,759.93,-0.012783039089598214,-0.06907830262642112,-0.057217294212517866,-0.134061851910937,-0.1592485645059578,0.18592133056176893,15.504460631888337,1104,ok,2026-07-15,1,True
801193,证券Ⅱ,second,非银金融,2026-07-16,2026-07-16,akshare.sw_index_second_info|akshare.index_hist_sw,research_only,50,15.33,1.31,0.0159,6426.53,0.04230507858812227,0.041268148993086395,-0.09751028312472187,-0.008982571498184933,-0.16863666881842565,0.30419315871185687,421.1548575875867,4506,ok,2026-07-15,1,True
801194,保险Ⅱ,second,非银金融,2026-07-16,2026-07-16,akshare.sw_index_second_info|akshare.index_hist_sw,research_only,5,6.91,1.19,0.0338,1156.67,-0.01745638028575791,-0.10910253250354296,-0.2557012689506061,-0.0837821995500776,-0.2993445760945942,0.30630624081022867,103.71985500233332,4719,ok,2026-07-15,1,True
801191,多元金融,second,非银金融,2026-07-16,2026-07-16,akshare.sw_index_second_info|akshare.index_hist_sw,research_only,26,17.96,1.23,0.019,1128.02,-0.03968875570387531,-0.13633823090292396,-0.1871766418308377,-0.12878735219382598,-0.21951995793231804,0.2468278990166256,64.95794416202999,6412,ok,2026-07-15,1,True
801231,综合Ⅱ,second,综合,2026-07-16,2026-07-16,akshare.sw_index_second_info|akshare.index_hist_sw,research_only,15,117.72,4.42,0.73,4436.28,0.02294093096506855,-0.06980235596056361,-0.0216152914789306,0.5297306244051805,-0.17964402940224677,0.44034153382130725,58.74574557217001,6412,ok,2026-07-15,1,True
801711,水泥,second,建筑材料,2026-07-16,2026-07-16,akshare.sw_index_second_info|akshare.index_hist_sw,research_only,21,14.22,0.63,0.044199999999999996,3886.97,-0.04579108874432314,-0.19517765446413793,-0.23405986872311468,-0.08695488765958448,-0.2991727758886169,0.169972437088784,30.383539976959995,2998,ok,2026-07-15,1,True
801712,玻璃玻纤,second,建筑材料,2026-07-16,2026-07-16,akshare.sw_index_second_info|akshare.index_hist_sw,research_only,16,83.12,5.93,0.72,24289.51,-0.08079898306842237,0.4158183146117844,1.088888334669194,2.0534522054063156,-0.2915666143521759,0.7451485325534841,295.7323824908883,2998,ok,2026-07-15,1,True
801713,装修建材,second,建筑材料,2026-07-16,2026-07-16,akshare.sw_index_second_info|akshare.index_hist_sw,research_only,35,23.98,1.72,0.0501,4341.54,-0.12673534984572432,-0.2168402596137542,-0.19110380754354195,-0.04438090584327681,-0.29886614870069783,0.23325601353181902,65.84220600378335,2998,ok,2026-07-15,1,True
801721,房屋建设Ⅱ,second,建筑装饰,2026-07-16,2026-07-16,akshare.sw_index_second_info|akshare.index_hist_sw,research_only,8,5.85,0.43,0.05,2813.19,-0.047161152000216644,-0.13705828220858896,-0.16602484858725908,-0.18409069816005008,-0.2467689292417593,0.16063076964966683,27.070168765326663,2998,ok,2026-07-15,1,True
801722,装修装饰Ⅱ,second,建筑装饰,2026-07-16,2026-07-16,akshare.sw_index_second_info|akshare.index_hist_sw,research_only,22,29.03,1.46,0.03,4018.95,-0.08138495683438451,-0.1295057679894993,-0.14657116525594693,0.1870611968821163,-0.24846568405620406,0.2781662409731076,45.370830683894994,2998,ok,2026-07-15,1,True
801723,基础建设,second,建筑装饰,2026-07-16,2026-07-16,akshare.sw_index_second_info|akshare.index_hist_sw,research_only,45,8.35,0.52,0.0364,2055.54,-0.04696244024795648,-0.15838649186449283,-0.1511715298023637,-0.02323658550493246,-0.2410416597436834,0.20675146710093678,139.085962449445,2998,ok,2026-07-15,1,True
801724,专业工程,second,建筑装饰,2026-07-16,2026-07-16,akshare.sw_index_second_info|akshare.index_hist_sw,research_only,39,20.3,1.17,0.0191,1851.57,-0.0719459077444351,-0.1528050404249771,-0.1110102843315186,0.13236868016610281,-0.18447050947194088,0.22462247908280059,111.06001023653,2998,ok,2026-07-15,1,True
801726,工程咨询服务Ⅱ,second,建筑装饰,2026-07-16,2026-07-16,akshare.sw_index_second_info|akshare.index_hist_sw,research_only,41,33.96,2.0,0.0147,2133.09,-0.018515365821113128,-0.020138451856513417,-0.06599498206943655,0.11148222641391459,-0.14626883592483642,0.31191777415504507,91.57459098238168,1104,ok,2026-07-15,1,True
801731,电机Ⅱ,second,电力设备,2026-07-16,2026-07-16,akshare.sw_index_second_info|akshare.index_hist_sw,research_only,26,49.12,3.72,0.92,12155.99,-0.16362509236872635,-0.1913339076579198,-0.2803606251087807,0.02403571154787376,-0.32029216948648354,0.3903591374395663,106.81413056992832,2998,ok,2026-07-15,1,True
801733,其他电源设备Ⅱ,second,电力设备,2026-07-16,2026-07-16,akshare.sw_index_second_info|akshare.index_hist_sw,research_only,30,49.57,2.92,0.71,41286.04,-0.14377711597965936,-0.08481897339602407,0.013427919192910975,0.4731687369961388,-0.19031294690030154,0.46448980824877734,260.72374696114997,2998,ok,2026-07-15,1,True
801735,光伏设备,second,电力设备,2026-07-16,2026-07-16,akshare.sw_index_second_info|akshare.index_hist_sw,research_only,64,30.56,3.59,0.015300000000000001,5447.96,-0.1910924489529262,-0.21842286101224162,-0.22381790930798473,0.2170404789563043,-0.3094783912553567,0.37000476580091735,566.2599436410198,1104,ok,2026-07-15,1,True
801736,风电设备,second,电力设备,2026-07-16,2026-07-16,akshare.sw_index_second_info|akshare.index_hist_sw,research_only,29,28.34,1.76,0.0108,2122.53,-0.16747858420408535,-0.29774753015755373,-0.3259605521805542,0.08047586080511504,-0.390303594357264,0.37823150641264314,158.60461354654498,1104,ok,2026-07-15,1,True
801737,电池,second,电力设备,2026-07-16,2026-07-16,akshare.sw_index_second_info|akshare.index_hist_sw,research_only,97,26.56,3.5,0.013999999999999999,22964.84,-0.15471524213813437,-0.18334575599986347,-0.03745707506462048,0.41788905010341737,-0.2403671666969882,0.3633056771325778,1122.6199868978265,1104,ok,2026-07-15,1,True
801738,电网设备,second,电力设备,2026-07-16,2026-07-16,akshare.sw_index_second_info|akshare.index_hist_sw,research_only,125,27.74,2.77,0.015300000000000001,5245.02,-0.17357791342217788,-0.2225856894060102,-0.13892550790067715,0.2838606239367498,-0.30816533268612845,0.32601890810469647,605.7752651659865,1104,ok,2026-07-15,1,True
801072,通用设备,second,机械设备,2026-07-16,2026-07-16,akshare.sw_index_second_info|akshare.index_hist_sw,research_only,219,64.47,5.19,0.84,8455.09,-0.08465175998319807,0.031309767759562845,0.050966680173920365,0.5445964362310423,-0.12413165129726578,0.36027210271957255,952.0906522831599,6412,ok,2026-07-15,1,True
801074,专用设备,second,机械设备,2026-07-16,2026-07-16,akshare.sw_index_second_info|akshare.index_hist_sw,research_only,178,38.26,3.22,0.0118,11990.57,-0.1182269777361058,-0.07408868866611795,-0.041190849925114126,0.31768704716963514,-0.1438884466133794,0.31119471558338124,569.3268681257467,6412,ok,2026-07-15,1,True
801076,轨交设备Ⅱ,second,机械设备,2026-07-16,2026-07-16,akshare.sw_index_second_info|akshare.index_hist_sw,research_only,31,15.0,1.11,0.037000000000000005,5443.48,-0.05182867882592501,-0.09295288369891963,-0.1517465343572355,-0.07524148967616784,-0.19324537820605936,0.18735219333768688,61.85699284037832,2998,ok,2026-07-15,1,True
801077,工程机械,second,机械设备,2026-07-16,2026-07-16,akshare.sw_index_second_info|akshare.index_hist_sw,research_only,28,20.67,2.11,0.0231,21948.71,-0.037837773859737966,-0.08071464710770393,-0.1601951981768852,0.13182545039760596,-0.20424742942311258,0.29291290799363495,106.91956465515,1104,ok,2026-07-15,1,True
801078,自动化设备,second,机械设备,2026-07-16,2026-07-16,akshare.sw_index_second_info|akshare.index_hist_sw,research_only,79,67.53,5.56,0.51,22250.17,-0.13376376185809957,0.13429663695087068,0.24462201537725736,0.6620195212972166,-0.16734762765118238,0.4363854691928259,706.564982581655,1104,ok,2026-07-15,1,True
801741,航天装备Ⅱ,second,国防军工,2026-07-16,2026-07-16,akshare.sw_index_second_info|akshare.index_hist_sw,research_only,9,334.1,7.45,0.14,28204.26,-0.08721655396680439,-0.19258122851681547,-0.38094983070876687,0.7933096762420448,-0.41557287896912687,0.6467626217009068,140.88016845601666,2998,ok,2026-07-15,1,True
801742,航空装备Ⅱ,second,国防军工,2026-07-16,2026-07-16,akshare.sw_index_second_info|akshare.index_hist_sw,research_only,45,56.18,2.84,0.78,8102.33,-0.13814810441790137,-0.23172626977617428,-0.30012654564929153,-0.14528416930743615,-0.35714671088648575,0.32290485794793344,252.28810600443333,2998,ok,2026-07-15,1,True
801743,地面兵装Ⅱ,second,国防军工,2026-07-16,2026-07-16,akshare.sw_index_second_info|akshare.index_hist_sw,research_only,12,103.83,2.78,0.65,13836.71,-0.19816426358156947,-0.2833969055480029,-0.3946955018769339,-0.3013512776597378,-0.456956088149448,0.3259069044346397,46.95749538803499,2998,ok,2026-07-15,1,True
801744,航海装备Ⅱ,second,国防军工,2026-07-16,2026-07-16,akshare.sw_index_second_info|akshare.index_hist_sw,research_only,10,28.44,2.46,0.49,3108.27,-0.03730282372836213,0.010096841284284563,-0.040032243220121666,0.0005601104769630272,-0.17531519962643005,0.414375760853166,91.19978610650668,2998,ok,2026-07-15,1,True
801745,军工电子Ⅱ,second,国防军工,2026-07-16,2026-07-16,akshare.sw_index_second_info|akshare.index_hist_sw,research_only,62,57.6,4.93,0.84,6060.67,-0.10655708704945821,-0.14919097849066876,-0.27369459237919025,0.0701034495544377,-0.3129621547478023,0.38996834580976486,397.1685291394466,1104,ok,2026-07-15,1,True
801101,计算机设备,second,计算机,2026-07-16,2026-07-16,akshare.sw_index_second_info|akshare.index_hist_sw,research_only,84,31.19,3.5,0.0184,2954.56,0.010935468418531435,-0.04317835156045069,-0.10855522198922862,0.10978142876996877,-0.1370902028359059,0.3259411013554725,438.60136674088665,6412,ok,2026-07-15,1,True
801103,IT服务Ⅱ,second,计算机,2026-07-16,2026-07-16,akshare.sw_index_second_info|akshare.index_hist_sw,research_only,119,75.24,3.55,0.72,4670.35,-0.07550956983734547,-0.20177783398906834,-0.2732443241056284,-0.09807462052450644,-0.3050488066186535,0.36467034633876544,595.56025307727,1104,ok,2026-07-15,1,True
801104,软件开发,second,计算机,2026-07-16,2026-07-16,akshare.sw_index_second_info|akshare.index_hist_sw,research_only,131,57.2,4.49,0.72,5550.12,-0.058246611882125654,-0.1774260959263464,-0.3364997352033674,-0.1574092488655634,-0.35741973130305515,0.3096438587980844,533.1067914307849,1104,ok,2026-07-15,1,True
801764,游戏Ⅱ,second,传媒,2026-07-16,2026-07-16,akshare.sw_index_second_info|akshare.index_hist_sw,research_only,26,18.57,3.04,0.0219,2876.1,0.057770814484630506,-0.16626324409722726,-0.32036494849745856,-0.0002989266447918082,-0.32036494849745856,0.30004516939931297,166.70277782674833,1104,ok,2026-07-15,1,True
801765,广告营销,second,传媒,2026-07-16,2026-07-16,akshare.sw_index_second_info|akshare.index_hist_sw,research_only,28,41.99,3.97,0.0437,2358.19,-0.11218742705690121,-0.2275599346197562,-0.3894922424126317,-0.06764744256293265,-0.41412593041628987,0.397198439882764,177.7827609787667,1104,ok,2026-07-15,1,True
801766,影视院线,second,传媒,2026-07-16,2026-07-16,akshare.sw_index_second_info|akshare.index_hist_sw,research_only,19,109.86,2.27,0.77,1041.91,-0.03465176825935079,-0.17770780061243163,-0.312152580640902,-0.20420539690056283,-0.44137106459637976,0.3526217557892229,69.45633143115998,1104,ok,2026-07-15,1,True
801767,数字媒体,second,传媒,2026-07-16,2026-07-16,akshare.sw_index_second_info|akshare.index_hist_sw,research_only,14,43.74,2.14,0.91,1508.02,-0.10968237100011802,-0.18697670406452338,-0.3556516463138465,-0.14639088891907803,-0.38565765941931573,0.34609207389735475,46.792282846885,1104,ok,2026-07-15,1,True
801769,出版,second,传媒,2026-07-16,2026-07-16,akshare.sw_index_second_info|akshare.index_hist_sw,research_only,29,15.42,1.13,0.0395,1371.68,-0.050102837198673145,-0.16964501912925567,-0.24851805182709685,-0.1818827051883839,-0.2986926667655134,0.22681039493319224,49.182703804791664,1104,ok,2026-07-15,1,True
801995,电视广播Ⅱ,second,传媒,2026-07-16,2026-07-16,akshare.sw_index_second_info|akshare.index_hist_sw,research_only,14,37.32,0.97,0.023700000000000002,948.12,-0.0778388367456111,-0.2142217802088513,-0.3716440562267628,-0.09177818436102048,-0.3716440562267628,0.3175006581300348,29.056330262794997,1104,ok,2026-07-15,1,True
801223,通信服务,second,通信,2026-07-16,2026-07-16,akshare.sw_index_second_info|akshare.index_hist_sw,research_only,38,15.97,1.38,0.0461,2079.41,-0.07311126266475887,-0.16586037033471335,-0.17585440190875556,-0.1290319878364964,-0.2337503454629204,0.28091721310330414,242.57067369865,6412,ok,2026-07-15,1,True
801102,通信设备,second,通信,2026-07-16,2026-07-16,akshare.sw_index_second_info|akshare.index_hist_sw,research_only,85,82.2,11.39,0.3,11424.86,-0.10627096475418041,0.2646975149634645,0.6662962120283997,2.4074155815493268,-0.177868894927119,0.5755876015586959,2176.5443962389536,6412,ok,2026-07-15,1,True
801951,煤炭开采,second,煤炭,2026-07-16,2026-07-16,akshare.sw_index_second_info|akshare.index_hist_sw,research_only,30,17.26,1.62,0.053399999999999996,3607.3,0.013366219815041713,0.003614045533078647,0.11133703645510828,0.2559362161409373,-0.11368332600325792,0.32967821380076917,153.97565743436172,1814,ok,2026-07-15,1,True
801952,焦炭Ⅱ,second,煤炭,2026-07-16,2026-07-16,akshare.sw_index_second_info|akshare.index_hist_sw,research_only,7,66.33,0.59,0.57,1089.7,-0.10247751457846,-0.21878584537738022,-0.2559794074873174,-0.09532427855079195,-0.40413501971270305,0.34982371734404005,11.411621356836665,1814,ok,2026-07-15,1,True
801961,油气开采Ⅱ,second,石油石化,2026-07-16,2026-07-16,akshare.sw_index_second_info|akshare.index_hist_sw,research_only,4,11.29,1.62,0.0437,2108.92,0.02997240604625051,-0.003077388521482538,0.23525862927363583,,-0.07041160861477691,0.2679897476183238,19.11500021790167,171,ok,2024-06-17,759,False
801962,油服工程,second,石油石化,2026-07-16,2026-07-16,akshare.sw_index_second_info|akshare.index_hist_sw,research_only,13,17.78,1.32,0.0262,2218.35,-0.031106277597977017,-0.25102807019913165,-0.08953790462587896,0.02254970199545503,-0.4472435058867502,0.3374127308870543,40.91779013426333,1104,ok,2026-07-15,1,True
801963,炼化及贸易,second,石油石化,2026-07-16,2026-07-16,akshare.sw_index_second_info|akshare.index_hist_sw,research_only,30,13.5,1.07,0.042800000000000005,2808.37,-0.032090519321174016,-0.11846429591590102,-0.06258303124979148,0.11594260487405572,-0.26914278724915885,0.27391075695149414,116.67113370806166,1104,ok,2026-07-15,1,True
801971,环境治理,second,环保,2026-07-16,2026-07-16,akshare.sw_index_second_info|akshare.index_hist_sw,research_only,105,18.98,1.42,0.0223,1815.64,-0.07594904497498556,-0.11827894327894317,-0.09544544195454407,-0.0008584635703279275,-0.17934207790564172,0.202903279157515,162.49000099046336,1104,ok,2026-07-15,1,True
801972,环保设备Ⅱ,second,环保,2026-07-16,2026-07-16,akshare.sw_index_second_info|akshare.index_hist_sw,research_only,27,32.02,2.05,0.0161,2140.51,-0.13410840483327469,-0.13369137621213834,0.05710461854529658,0.20999762580411763,-0.2235526697620429,0.2923951548041987,83.64052853900166,1104,ok,2026-07-15,1,True
801981,个护用品,second,美容护理,2026-07-16,2026-07-16,akshare.sw_index_second_info|akshare.index_hist_sw,research_only,12,26.57,1.98,0.0194,1219.56,-0.004903840661896086,-0.20206230085253118,-0.24713871226618933,-0.2406983115007223,-0.2966132976514557,0.24823801050930952,10.589020947649999,1104,ok,2026-07-15,1,True
801982,化妆品,second,美容护理,2026-07-16,2026-07-16,akshare.sw_index_second_info|akshare.index_hist_sw,research_only,14,27.75,2.42,0.0233,5823.03,-0.055052675308489674,-0.09657155091630099,-0.2076087134015906,-0.21438015547718448,-0.2947577627113719,0.2541772093531228,19.786205437040003,1104,ok,2026-07-15,1,True
801983,医疗美容,second,美容护理,2026-07-16,2026-07-16,akshare.sw_index_second_info|akshare.index_hist_sw,research_only,3,33.93,3.16,0.032799999999999996,1777.83,-0.12403180985041096,-0.19023543719169744,-0.05110030583324887,,-0.4131044067595182,0.3262877981354671,7.9202573825266676,171,ok,2024-06-17,759,False
